"CODON","AA"
"TTT","Phe"
"TTC","Phe"
"TTA","Leu"
"TTG","Leu"
"CTT","Leu"
"CTC","Leu"
"CTA","Leu"
"CTG","Leu"
"ATT","Ile"
"ATC","Ile"
"ATA","Met"
"ATG","Met"
"GTT","Val"
"GTC","Val"
"GTA","Val"
"GTG","Val"
"TCT","Ser"
"TCC","Ser"
"TCA","Ser"
"TCG","Ser"
"CCT","Pro"
"CCC","Pro"
"CCA","Pro"
"CCG","Pro"
"ACT","Thr"
"ACC","Thr"
"ACA","Thr"
"ACG","Thr"
"GCT","Ala"
"GCC","Ala"
"GCA","Ala"
"GCG","Ala"
"TAT","Tyr"
"TAC","Tyr"
"TAA","Stop"
"TAG","Stop"
"CAT","His"
"CAC","His"
"CAA","Gin"
"CAG","Gin"
"AAT","Asn"
"AAC","Asn"
"AAA","Lys"
"AAG","Lys"
"GAT","Asp"
"GAC","Asp"
"GAA","Glu"
"GAG","Glu"
"TGT","Cys"
"TGC","Cys"
"TGA","Trp"
"TGG","Trp"
"CGT","Agr"
"CGC","Arg"
"CGA","Arg"
"CGG","Arg"
"AGT","Ser"
"AGC","Ser"
"AGA","Stop"
"AGG","Stop"
"GGT","Gly"
"GGC","Gly"
"GGA","Gly"
"GGG","Gly"
